{"cameraMode":{"drawMode":0,"name":"Shaded","section":"Shading Mode"},"sceneLighting":true,"audioPlay":false,"sceneViewState":{"m_AlwaysRefresh":false,"showFog":true,"showSkybox":false,"showFlares":true,"showImageEffects":true,"showParticleSystems":true,"showVisualEffectGraphs":true,"m_FxEnabled":true},"in2DMode":false,"pivot":{"x":-65.50836944580078,"y":0.45048320293426516,"z":-0.2589740753173828},"rotation":{"x":-0.04845554009079933,"y":0.07186667621135712,"z":-0.0035318960435688497,"w":-0.9963043332099915},"size":5.407395362854004,"orthographic":false}