{"cameraMode":{"drawMode":0,"name":"Shaded","section":"Shading Mode"},"sceneLighting":true,"audioPlay":false,"sceneViewState":{"m_AlwaysRefresh":false,"showFog":true,"showSkybox":false,"showFlares":true,"showImageEffects":true,"showParticleSystems":true,"showVisualEffectGraphs":true,"m_FxEnabled":true},"in2DMode":false,"pivot":{"x":111.02002716064453,"y":14.312020301818848,"z":-124.32868957519531},"rotation":{"x":0.004156803712248802,"y":0.9931637644767761,"z":0.03726731240749359,"w":-0.11243497580289841},"size":9.978110313415528,"orthographic":false}