{"cameraMode":{"drawMode":0,"name":"Shaded","section":"Shading Mode"},"sceneLighting":true,"audioPlay":false,"sceneViewState":{"m_AlwaysRefresh":false,"showFog":true,"showSkybox":false,"showFlares":true,"showImageEffects":true,"showParticleSystems":true,"showVisualEffectGraphs":true,"m_FxEnabled":true},"in2DMode":false,"pivot":{"x":111.50774383544922,"y":15.916937828063965,"z":107.5854721069336},"rotation":{"x":-0.23632599413394929,"y":0.5949517488479614,"z":-0.18878498673439027,"w":-0.7450344562530518},"size":0.7200033664703369,"orthographic":false}