{"cameraMode":{"drawMode":0,"name":"Shaded","section":"Shading Mode"},"sceneLighting":true,"audioPlay":false,"sceneViewState":{"m_AlwaysRefresh":false,"showFog":true,"showSkybox":false,"showFlares":true,"showImageEffects":true,"showParticleSystems":true,"showVisualEffectGraphs":true,"m_FxEnabled":true},"in2DMode":false,"pivot":{"x":-104.88733673095703,"y":-11.946905136108399,"z":119.1434097290039},"rotation":{"x":-0.15871761739253999,"y":-0.21235862374305726,"z":0.034866198897361758,"w":-0.9637407064437866},"size":47.64020538330078,"orthographic":false}