{"cameraMode":{"drawMode":0,"name":"Shaded","section":"Shading Mode"},"sceneLighting":true,"audioPlay":false,"sceneViewState":{"m_AlwaysRefresh":false,"showFog":true,"showSkybox":false,"showFlares":true,"showImageEffects":true,"showParticleSystems":true,"showVisualEffectGraphs":true,"m_FxEnabled":true},"in2DMode":false,"pivot":{"x":-161.51754760742188,"y":116.63028717041016,"z":-168.65762329101563},"rotation":{"x":-0.303446501493454,"y":-0.34961482882499697,"z":0.12088403850793839,"w":-0.8782559037208557},"size":0.19518665969371797,"orthographic":false}